{
  "258347232145579@lid": {
    "state": "INFORMACION_INICIAL",
    "userData": {},
    "lastActivityTimestamp": 1761430510762,
    "reminderCount": 3
  },
  "573016964713@s.whatsapp.net": {
    "state": "INICIO",
    "userData": {},
    "lastActivityTimestamp": 1761751045214,
    "reminderCount": 0
  },
  "80732517085211@lid": {
    "state": "INFORMACION_INICIAL",
    "userData": {},
    "lastActivityTimestamp": 1761970398145,
    "reminderCount": 1
  },
  "262890871345395@lid": {
    "state": "INFORMACION_INICIAL",
    "userData": {},
    "lastActivityTimestamp": 1761970398370,
    "reminderCount": 1
  },
  "64961397190801@lid": {
    "state": "INFORMACION_INICIAL",
    "userData": {},
    "lastActivityTimestamp": 1761943748322,
    "reminderCount": 3
  },
  "573172157244@s.whatsapp.net": {
    "state": "ESPERANDO_DETALLES_EBOOK",
    "userData": {},
    "lastActivityTimestamp": 1761877195636,
    "reminderCount": 3
  },
  "278545926492198@lid": {
    "state": "INFORMACION_INICIAL",
    "userData": {},
    "lastActivityTimestamp": 1761877195895,
    "reminderCount": 3
  },
  "236712861130926@lid": {
    "state": "ESPERANDO_PAGO",
    "userData": {},
    "lastActivityTimestamp": 1761886713954,
    "reminderCount": 3
  },
  "262530530312308@lid": {
    "state": "ESPERANDO_DETALLES_EBOOK",
    "userData": {},
    "lastActivityTimestamp": 1761898159541,
    "reminderCount": 3
  },
  "140123324862565@lid": {
    "state": "ESPERANDO_PAGO",
    "userData": {},
    "lastActivityTimestamp": 1761898159828,
    "reminderCount": 3
  },
  "13534129848403@lid": {
    "state": "INFORMACION_INICIAL",
    "userData": {},
    "lastActivityTimestamp": 1761907748497,
    "reminderCount": 3
  },
  "184099847336069@lid": {
    "state": "INFORMACION_INICIAL",
    "userData": {},
    "lastActivityTimestamp": 1761936548827,
    "reminderCount": 3
  },
  "203809317990486@lid": {
    "state": "INFORMACION_INICIAL",
    "userData": {},
    "lastActivityTimestamp": 1761970398583,
    "reminderCount": 3
  },
  "573224661533@s.whatsapp.net": {
    "state": "INFORMACION_INICIAL",
    "userData": {},
    "lastActivityTimestamp": 1761970398973,
    "reminderCount": 2
  },
  "60963168456883@lid": {
    "state": "ESPERANDO_PAGO",
    "userData": {},
    "lastActivityTimestamp": 1761970399168,
    "reminderCount": 2
  }
}